{"cameraMode":{"drawMode":0,"name":"Shaded","section":"Shading Mode"},"sceneLighting":true,"audioPlay":false,"sceneViewState":{"showFog":true,"showMaterialUpdate":false,"showSkybox":false,"showFlares":true,"showImageEffects":true,"showParticleSystems":true},"in2DMode":false,"pivot":{"x":0.9859962463378906,"y":-4.335793495178223,"z":3.7160189151763918},"rotation":{"x":-0.12249621748924256,"y":0.05594564974308014,"z":-0.0070112282410264019,"w":-0.9909136891365051},"size":8.708643913269043,"orthographic":false}