{"cameraMode":{"drawMode":0,"name":"Shaded","section":"Shading Mode"},"sceneLighting":true,"audioPlay":false,"sceneViewState":{"showFog":true,"showMaterialUpdate":false,"showSkybox":true,"showFlares":true,"showImageEffects":true,"showParticleSystems":true},"in2DMode":false,"pivot":{"x":-9.19095230102539,"y":12.016777992248536,"z":-79.88936614990235},"rotation":{"x":-0.33636218309402468,"y":-0.04859881475567818,"z":0.017252473160624505,"w":-0.9403777718544006},"size":2.414381980895996,"orthographic":false}