{"cameraMode":{"drawMode":0,"name":"Shaded","section":"Shading Mode"},"sceneLighting":true,"audioPlay":false,"sceneViewState":{"showFog":true,"showMaterialUpdate":false,"showSkybox":false,"showFlares":true,"showImageEffects":true,"showParticleSystems":true},"in2DMode":false,"pivot":{"x":0.9859962463378906,"y":-4.335793495178223,"z":3.7160189151763918},"rotation":{"x":0.27788397669792178,"y":-0.1984671950340271,"z":0.058794375509023669,"w":0.9380505681037903},"size":8.708643913269043,"orthographic":false}