{"cameraMode":{"drawMode":0,"name":"Shaded","section":"Shading Mode"},"sceneLighting":true,"audioPlay":false,"sceneViewState":{"showFog":true,"showMaterialUpdate":false,"showSkybox":true,"showFlares":true,"showImageEffects":true,"showParticleSystems":true},"in2DMode":false,"pivot":{"x":784.8544921875,"y":418.5204162597656,"z":-248.14149475097657},"rotation":{"x":-0.06315095722675324,"y":0.06043891981244087,"z":-0.0038304426707327368,"w":-0.9961685538291931},"size":595.166748046875,"orthographic":false}